time,APP,C99,AB40_Monomer,AB42_Monomer,AB40_Oligomer02,Ab_t,AB40_Oligomer02_Antibody_bound,AB42_Oligomer02,AB42_Oligomer02_Antibody_bound,AB40_Oligomer03,AB40_Oligomer03_Antibody_bound,AB40_Oligomer04,AB40_Oligomer04_Antibody_bound,AB40_Oligomer05,AB40_Oligomer05_Antibody_bound,AB40_Oligomer06,AB40_Oligomer06_Antibody_bound,AB40_Oligomer07,AB40_Oligomer07_Antibody_bound,AB40_Oligomer08,AB40_Oligomer08_Antibody_bound,AB40_Oligomer09,AB40_Oligomer09_Antibody_bound,AB40_Oligomer10,AB40_Oligomer10_Antibody_bound,AB40_Oligomer11,AB40_Oligomer11_Antibody_bound,AB40_Oligomer12,AB40_Oligomer12_Antibody_bound,AB42_Oligomer03,AB42_Oligomer03_Antibody_bound,AB42_Oligomer04,AB42_Oligomer04_Antibody_bound,AB42_Oligomer05,AB42_Oligomer05_Antibody_bound,AB42_Oligomer06,AB42_Oligomer06_Antibody_bound,AB42_Oligomer07,AB42_Oligomer07_Antibody_bound,AB42_Oligomer08,AB42_Oligomer08_Antibody_bound,AB42_Oligomer09,AB42_Oligomer09_Antibody_bound,AB42_Oligomer10,AB42_Oligomer10_Antibody_bound,AB42_Oligomer11,AB42_Oligomer11_Antibody_bound,AB42_Oligomer12,AB42_Oligomer12_Antibody_bound,AB40_Oligomer13,AB40_Plaque_unbound,AB40_Oligomer13_Antibody_bound,AB40_Oligomer14,AB40_Oligomer14_Antibody_bound,AB40_Oligomer15,AB40_Oligomer15_Antibody_bound,AB40_Oligomer16,AB40_Oligomer16_Antibody_bound,AB42_Oligomer13,AB42_Plaque_unbound,AB42_Oligomer13_Antibody_bound,AB42_Oligomer14,AB42_Oligomer14_Antibody_bound,AB42_Oligomer15,AB42_Oligomer15_Antibody_bound,AB42_Oligomer16,AB42_Oligomer16_Antibody_bound,AB40_Fibril17,AB40_Fibril17_Antibody_bound,AB40_Fibril18,AB40_Fibril18_Antibody_bound,AB42_Fibril17,AB42_Fibril17_Antibody_bound,AB42_Fibril18,AB42_Fibril18_Antibody_bound,AB40_Fibril19,AB40_Fibril19_Antibody_bound,AB40_Fibril20,AB40_Fibril20_Antibody_bound,AB40_Fibril21,AB40_Fibril21_Antibody_bound,AB40_Fibril22,AB40_Fibril22_Antibody_bound,AB40_Fibril23,AB40_Fibril23_Antibody_bound,AB40_Fibril24,AB40_Fibril24_Antibody_bound,AB40_Plaque_Antibody_bound,AB42_Fibril19,AB42_Fibril19_Antibody_bound,AB42_Fibril20,AB42_Fibril20_Antibody_bound,AB42_Fibril21,AB42_Fibril21_Antibody_bound,AB42_Fibril22,AB42_Fibril22_Antibody_bound,AB42_Fibril23,AB42_Fibril23_Antibody_bound,AB42_Fibril24,AB42_Fibril24_Antibody_bound,AB42_Plaque_Antibody_bound,SubCut_absorption,PK_central,PK_per,PK_p_brain,PK_SAS_brain,PK_BBB_unbound_brain,FcRn_free_BBB,PK_BBB_bound_brain,PK_TFV_brain,PK_BCSFB_unbound_brain,PK_LV_brain,FcRn_free_BCSFB,PK_BCSFB_bound_brain,PK_CM_brain,AB40Mu_Central,AB40Mb_Central,AB40Mu_Brain_Plasma,AB40Mb_Brain_Plasma,AB40Mu_BCSFB,AB40Mb_BCSFB_Unbound,AB40Mu_BBB,AB40Mb_BBB_Unbound,AB40_monomer_antibody_bound,AB40Mu_LV,AB40Mb_LV,AB40Mu_TFV,AB40Mb_TFV,AB40Mu_CM,AB40Mb_CM,AB40Mu_SAS,AB40Mb_SAS,AB40Mu_Peripheral,AB40Mb_Peripheral,AB40Mb_BBB_Bound,AB40Mb_BCSFB_Bound,AB42Mu_Central,AB42Mb_Central,AB42Mu_Brain_Plasma,AB42Mb_Brain_Plasma,AB42Mu_BCSFB,AB42Mb_BCSFB_Unbound,AB42Mu_BBB,AB42Mb_BBB_Unbound,AB42_monomer_antibody_bound,AB42Mu_LV,AB42Mb_LV,AB42Mu_TFV,AB42Mb_TFV,AB42Mu_CM,AB42Mb_CM,AB42Mu_SAS,AB42Mb_SAS,AB42Mu_Peripheral,AB42Mb_Peripheral,AB42Mb_BBB_Bound,AB42Mb_BCSFB_Bound,AB40_Monomer_PVS,AB40_Oligomer02_PVS,AB40_Oligomer03_PVS,AB40_Oligomer04_PVS,AB40_Oligomer05_PVS,AB40_Oligomer06_PVS,AB40_Oligomer07_PVS,AB40_Oligomer08_PVS,AB40_Oligomer09_PVS,AB40_Oligomer10_PVS,AB40_Oligomer11_PVS,AB40_Oligomer12_PVS,AB40_Oligomer13_PVS,AB40_Oligomer14_PVS,AB40_Oligomer15_PVS,AB40_Oligomer16_PVS,AB40_Fibril17_PVS,AB40_Fibril18_PVS,AB40_Fibril19_PVS,AB40_Fibril20_PVS,AB40_Fibril21_PVS,AB40_Fibril22_PVS,AB40_Fibril23_PVS,AB40_Fibril24_PVS,AB42_Monomer_PVS,AB42_Oligomer02_PVS,AB42_Oligomer03_PVS,AB42_Oligomer04_PVS,AB42_Oligomer05_PVS,AB42_Oligomer06_PVS,AB42_Oligomer07_PVS,AB42_Oligomer08_PVS,AB42_Oligomer09_PVS,AB42_Oligomer10_PVS,AB42_Oligomer11_PVS,AB42_Oligomer12_PVS,AB42_Oligomer13_PVS,AB42_Oligomer14_PVS,AB42_Oligomer15_PVS,AB42_Oligomer16_PVS,AB42_Fibril17_PVS,AB42_Fibril18_PVS,AB42_Fibril19_PVS,AB42_Fibril20_PVS,AB42_Fibril21_PVS,AB42_Fibril22_PVS,AB42_Fibril23_PVS,AB42_Fibril24_PVS,C_Antibody_unbound_PVS,AB40_Monomer_PVS_bound,AB40_Plaque_unbound_PVS,AB40_Plaque_bound_PVS,AB40_Oligomer02_PVS_bound,AB40_Oligomer03_PVS_bound,AB40_Oligomer04_PVS_bound,AB40_Oligomer05_PVS_bound,AB40_Oligomer06_PVS_bound,AB40_Oligomer07_PVS_bound,AB40_Oligomer08_PVS_bound,AB40_Oligomer09_PVS_bound,AB40_Oligomer10_PVS_bound,AB40_Oligomer11_PVS_bound,AB40_Oligomer12_PVS_bound,AB40_Oligomer13_PVS_bound,AB40_Oligomer14_PVS_bound,AB40_Oligomer15_PVS_bound,AB40_Oligomer16_PVS_bound,AB40_Fibril17_PVS_bound,AB40_Fibril18_PVS_bound,AB40_Fibril19_PVS_bound,AB40_Fibril20_PVS_bound,AB40_Fibril21_PVS_bound,AB40_Fibril22_PVS_bound,AB40_Fibril23_PVS_bound,AB40_Fibril24_PVS_bound,AB42_Monomer_PVS_bound,AB42_Plaque_unbound_PVS,AB42_Plaque_bound_PVS,AB42_Oligomer02_PVS_bound,AB42_Oligomer03_PVS_bound,AB42_Oligomer04_PVS_bound,AB42_Oligomer05_PVS_bound,AB42_Oligomer06_PVS_bound,AB42_Oligomer07_PVS_bound,AB42_Oligomer08_PVS_bound,AB42_Oligomer09_PVS_bound,AB42_Oligomer10_PVS_bound,AB42_Oligomer11_PVS_bound,AB42_Oligomer12_PVS_bound,AB42_Oligomer13_PVS_bound,AB42_Oligomer14_PVS_bound,AB42_Oligomer15_PVS_bound,AB42_Oligomer16_PVS_bound,AB42_Fibril17_PVS_bound,AB42_Fibril18_PVS_bound,AB42_Fibril19_PVS_bound,AB42_Fibril20_PVS_bound,AB42_Fibril21_PVS_bound,AB42_Fibril22_PVS_bound,AB42_Fibril23_PVS_bound,AB42_Fibril24_PVS_bound,CL_AB40_IDE,CL_AB42_IDE,Microglia_Hi_Fract,Microglia_cell_count
0.0,0.0,0.0,0.0,0.0,0.0,0.0,0.0,0.0,0.0,0.0,0.0,0.0,0.0,0.0,0.0,0.0,0.0,0.0,0.0,0.0,0.0,0.0,0.0,0.0,0.0,0.0,0.0,0.0,0.0,0.0,0.0,0.0,0.0,0.0,0.0,0.0,0.0,0.0,0.0,0.0,0.0,0.0,0.0,0.0,0.0,0.0,0.0,0.0,0.0,0.0,0.0,0.0,0.0,0.0,0.0,0.0,0.0,0.0,0.0,0.0,0.0,0.0,0.0,0.0,0.0,0.0,0.0,0.0,0.0,0.0,0.0,0.0,0.0,0.0,0.0,0.0,0.0,0.0,0.0,0.0,0.0,0.0,0.0,0.0,0.0,0.0,0.0,0.0,0.0,0.0,0.0,0.0,0.0,0.0,0.0,0.0,0.0,0.0,0.0,0.0,0.0,0.0,0.0,0.0,0.0,0.0,0.0,328.358638,0.0,0.0,0.0,0.0,32.836362,0.0,0.0,0.0,0.0,0.0,0.0,0.0,0.0,0.0,0.0,0.0,0.0,0.0,0.0,0.0,0.0,0.0,0.0,0.0,0.0,0.0,0.0,0.0,0.0,0.0,0.0,0.0,0.0,0.0,0.0,0.0,0.0,0.0,0.0,0.0,0.0,0.0,0.0,0.0,0.0,0.0,0.0,0.0,0.0,0.0,0.0,0.0,0.0,0.0,0.0,0.0,0.0,0.0,0.0,0.0,0.0,0.0,0.0,0.0,0.0,0.0,0.0,0.0,0.0,0.0,0.0,0.0,0.0,0.0,0.0,0.0,0.0,0.0,0.0,0.0,0.0,0.0,0.0,0.0,0.0,0.0,0.0,0.0,0.0,0.0,0.0,0.0,0.0,0.0,0.0,0.0,0.0,0.0,0.0,0.0,0.0,0.0,0.0,0.0,0.0,0.0,0.0,0.0,0.0,0.0,0.0,0.0,0.0,0.0,0.0,0.0,0.0,0.0,0.0,0.0,0.0,0.0,0.0,0.0,0.0,0.0,0.0,0.0,0.0,0.0,0.0,0.0,0.0,0.0,0.0,0.0,0.0,0.0,0.0,0.0,0.0,0.0,0.0,0.0,0.0,0.0,0.0,0.0,0.0,0.0,1500.0,50.0,0.0,1.0
52.63157894736842,110.20494868272343,125.25000013656492,317.42692847084976,22.537635673882168,7.377594473185562,0.0,0.0,0.1580494098981464,0.0,12.243008925290988,0.0,5.275695698524178,0.0,1.623587935148715,0.0,0.3855136440013733,0.0,0.0743329431289948,0.0,0.012056694030129848,0.0,0.001687481476945653,0.0,0.00020773360557995948,0.0,2.288871491642508e-05,0.0,2.2768355440840826e-06,0.0,0.0017886994055969997,0.0,2.0293165988308083e-05,0.0,2.299584877947543e-07,0.0,2.6027419872790973e-09,0.0,2.942265599781856e-11,0.0,3.3218937231720757e-13,0.0,3.74564644079425e-15,0.0,4.2192446801504096e-17,0.0,4.746132081972497e-19,0.0,5.3310454132832794e-21,0.0,2.0261545561745245e-07,4.5064984883174925e-09,0.0,1.6613421230199818e-08,0.0,1.2629224315078858e-09,0.0,8.948242387894755e-11,0.0,5.966964367943416e-23,3.374970743195416e-24,0.0,6.6685677205750295e-25,0.0,7.440941786832436e-27,0.0,8.289286128174862e-29,0.0,5.9378239435002136e-12,0.0,3.704482726413352e-13,0.0,9.21917207648428e-31,0.0,1.0235830107548873e-32,0.0,2.208951090838508e-14,0.0,1.2452094337756008e-15,0.0,6.656149791744753e-17,0.0,3.3831125673932605e-18,0.0,1.6390535469853126e-19,0.0,7.936907080532879e-21,0.0,0.0,1.1366801988582393e-34,0.0,1.2549705845869635e-36,0.0,8.860757628618472e-39,0.0,0.0,0.0,0.0,0.0,0.0,0.0,0.0,0.0,0.0,0.0,0.0,0.0,0.0,328.358638,0.0,0.0,0.0,0.0,32.836362,0.0,0.0,6.5843120650278095,0.0,0.06010707589375308,0.0,0.00028779530038373035,0.0,0.009432104558112574,0.0,0.0,8.660558082849127,0.0,8.660558212411354,0.0,2.8861695031835595,0.0,37.822177847387415,0.0,0.6805330680754311,0.0,0.0,0.0,0.7657066810985926,0.0,0.0069900041511698745,0.0,2.0464651320420587e-05,0.0,0.0006702937625076776,0.0,0.0,0.6139521887865717,0.0,0.6139521915158366,0.0,0.20454872063210686,0.0,2.6709587200303826,0.0,0.0904078762197142,0.0,0.0,0.0,80.2325901270113,0.20026643825825904,0.1961127011973888,0.05820906623527398,0.013510645027501558,0.0025631859630900733,0.0004106316142847949,5.690853934667075e-05,6.949060487243624e-06,7.584410328823226e-07,7.502507090006746e-09,6.770451224901425e-10,5.52121769228017e-11,4.176953117041191e-12,2.9468573511438874e-13,1.9476389163062992e-14,1.2109126590755795e-16,7.106104929440019e-18,3.99690184509013e-19,2.132182291424277e-20,1.0817119255445148e-21,5.2317497292873297e-23,2.417644917189866e-24,1.1168848142735566e-25,5.556183477103269,0.004103021331632211,3.989019747449078e-05,4.054592826761958e-07,4.1788449225898574e-09,4.346689044474028e-11,4.55042375068256e-13,4.7858125045551344e-15,5.0504561174126254e-17,5.3447590926514425e-20,5.666333616333324e-22,6.01464862117443e-24,6.377200372155855e-26,6.764709968698263e-28,7.176915044331122e-30,7.613507940624406e-32,8.077436376271933e-35,8.185900790913545e-37,0.0,0.0,0.0,0.0,0.0,0.0,0.0,0.0,0.0,0.0,0.0,0.0,0.0,0.0,0.0,0.0,0.0,0.0,0.0,0.0,0.0,0.0,0.0,0.0,0.0,0.0,0.0,0.0,0.0,0.0,0.0,0.0,0.0,0.0,0.0,0.0,0.0,0.0,0.0,0.0,0.0,0.0,0.0,0.0,0.0,0.0,0.0,0.0,0.0,0.0,0.0,0.0,0.0,0.0,0.0,0.0,0.0,0.0,0.0,1499.9092132739288,49.99697377579412,0.0,1.0
105.26315789473684,110.20494868272343,125.2500001376262,312.57558789230467,23.163725073568628,7.156924520736027,0.0,0.0,0.1669673677250568,0.0,18.377825367298694,0.0,15.32650876415753,0.0,10.153023158061336,0.0,5.4531021730847655,0.0,2.4364867568389372,0.0,0.9272307546711944,0.0,0.3065352054415332,0.0,0.08946305482281033,0.0,0.023506897137400628,0.0,0.005579121242343832,0.0,0.0019538593854769334,0.0,2.2876854507100823e-05,0.0,2.678325191808999e-07,0.0,3.1355072157471775e-09,0.0,3.670581432292735e-11,0.0,4.296814400214884e-13,0.0,5.0297398162316765e-15,0.0,5.889546693640037e-17,0.0,6.896103259497114e-19,0.0,8.074212766770176e-21,0.0,0.0011548488328106238,7.749622594069639e-05,0.0,0.00022102967663571296,0.0,3.932621636832291e-05,0.0,6.535504123330782e-06,0.0,9.433076825566334e-23,2.4206575610584768e-23,0.0,1.1020248404773479e-24,0.0,1.287400760343764e-26,0.0,1.503904344062127e-28,0.0,1.019153349722114e-06,0.0,1.4961974860273853e-07,0.0,1.756812118995122e-30,0.0,2.052219809128089e-32,0.0,2.1392216537296924e-08,0.0,2.8888722263339587e-09,0.0,3.6963940298505406e-10,0.0,4.493990640632211e-11,0.0,5.2046752349644774e-12,0.0,6.431889214301791e-13,0.0,0.0,2.402251780850974e-34,0.0,2.8028496391049146e-36,0.0,2.738998959248967e-38,0.0,0.0,0.0,0.0,0.0,0.0,0.0,0.0,0.0,0.0,0.0,0.0,0.0,0.0,328.358638,0.0,0.0,0.0,0.0,32.836362,0.0,0.0,6.540698570659246,0.0,0.059709082609834596,0.0,0.0002840213581377707,0.0,0.009288571952740535,0.0,0.0,8.546190705441354,0.0,8.546190711513809,0.0,2.849077798108972,0.0,37.573205441305404,0.0,1.592776153360114,0.0,0.0,0.0,0.7823736740709641,0.0,0.007142168873494477,0.0,2.109394699407486e-05,0.0,0.0006889563535115928,0.0,0.0,0.6328227678018028,0.0,0.632822772886465,0.0,0.21093858216987077,0.0,2.7768471896317313,0.0,0.19725303928361287,0.0,0.0,0.0,185.66448454615093,0.5072106125025732,0.8906183847846014,0.5267822915057027,0.26019982184018564,0.10923023967980178,0.039643544661675856,0.012630681480324476,0.0035794139394844608,0.0009123808601906983,2.1238900514267185e-05,4.521689188982193e-06,8.513939780354015e-07,1.4934061732283782e-07,2.4509976435240847e-08,3.778522229717646e-09,5.492887108437539e-11,7.550349246008746e-12,1.0129184475132176e-12,1.2883922132330604e-13,1.5580179464136932e-14,1.7956296572680232e-15,1.976746472880465e-16,2.315621219414865e-17,13.23647665939552,0.011018764389016458,0.00012055048288565018,1.3457390963021142e-06,1.5130351795212355e-08,1.7093795056792068e-10,1.9379857322352166e-12,2.2030095666464627e-14,2.5094980892823e-16,2.864390440838178e-19,3.2739312725788004e-21,3.746173988441522e-23,4.281638303183776e-25,4.897570481438736e-27,5.605952757391816e-29,6.420585047443425e-31,7.357895948464235e-34,8.601888288653696e-36,0.0,0.0,0.0,0.0,0.0,0.0,0.0,0.0,0.0,0.0,0.0,0.0,0.0,0.0,0.0,0.0,0.0,0.0,0.0,0.0,0.0,0.0,0.0,0.0,0.0,0.0,0.0,0.0,0.0,0.0,0.0,0.0,0.0,0.0,0.0,0.0,0.0,0.0,0.0,0.0,0.0,0.0,0.0,0.0,0.0,0.0,0.0,0.0,0.0,0.0,0.0,0.0,0.0,0.0,0.0,0.0,0.0,0.0,0.0,1499.818432042612,49.993947734751764,0.0,1.0
157.89473684210526,110.20494868272343,125.25000013635449,304.1234476183987,23.178153138926096,6.776849275534866,0.0,0.0,0.16717575736906642,0.0,18.539681914764213,0.0,18.51514924991957,0.0,16.248670590526903,0.0,12.351911034979038,0.0,8.125226924117682,0.0,4.658903148773949,0.0,2.352862760346429,0.0,1.0579361833983147,0.0,0.43221648765133197,0.0,0.15995133720844917,0.0,0.0019577800687013533,0.0,2.293914766898073e-05,0.0,2.6876039132961823e-07,0.0,3.1487766179981268e-09,0.0,3.689032254554196e-11,0.0,4.3219487284420817e-13,0.0,5.06344734946051e-15,0.0,5.934213587543674e-17,0.0,6.95470608568509e-19,0.0,8.150468312158051e-21,0.0,0.05047804760338227,0.006766895623025996,0.0,0.014793168130190456,0.0,0.00404384426939655,0.0,0.0010352778632942976,0.0,9.531390924327118e-23,4.762607214252724e-23,0.0,1.1146265642039221e-24,0.0,1.3034726252586897e-26,0.0,1.5243128211521743e-28,0.0,0.00024929997389657496,0.0,5.661294970277245e-05,0.0,1.7826293963930492e-30,0.0,2.084770034801944e-32,0.0,1.2755938721830725e-05,0.0,2.71317098013326e-06,0.0,5.465147333194837e-07,0.0,1.0455193444415695e-07,0.0,1.9045370049734434e-08,0.0,3.964639480456455e-09,0.0,0.0,2.44322360957283e-34,0.0,2.85270960680003e-36,0.0,2.805953897589345e-38,0.0,0.0,0.0,0.0,0.0,0.0,0.0,0.0,0.0,0.0,0.0,0.0,0.0,0.0,328.358638,0.0,0.0,0.0,0.0,32.836362,0.0,0.0,6.39737988621163,0.0,0.05840073579752922,0.0,0.0002763183308131187,0.0,0.00903744912330361,0.0,0.0,8.314213369740504,0.0,8.314213321061247,0.0,2.7716934658259156,0.0,36.54461620297257,0.0,2.4237887345284674,0.0,0.0,0.0,0.7845814475593311,0.0,0.007162322546903102,0.0,2.1108830204200195e-05,0.0,0.0006893902844912743,0.0,0.0,0.6332574622539757,0.0,0.6332574623177127,0.0,0.21108576493353,0.0,2.7792838857473146,0.0,0.29767812281704237,0.0,0.0,0.0,283.3965438003988,0.7838173358701257,1.652382303786157,1.2503899384399495,0.8356836636541423,0.49491772513430676,0.26093751976159024,0.12323451804156942,0.05249571536410514,0.020311622363960686,0.0007251334392696085,0.00023784990522059251,6.774556078370724e-05,1.80643503216975e-05,4.524957772574696e-06,1.0681549871693222e-06,2.3845860239834314e-08,5.0446624953114905e-09,1.060339925381549e-09,2.1133276933078477e-10,4.0046032215366234e-11,7.232301164290608e-12,1.247605639247271e-12,2.443615455100728e-13,20.619125274234968,0.01771577802622692,0.000199353365787705,2.2719635924596404e-06,2.6009420511791325e-08,2.9866228596675077e-10,3.4370457921544833e-12,3.961995607463498e-14,4.573109580367178e-16,5.285872410267205e-19,6.114998494780227e-21,7.079104124342239e-23,8.182876667237883e-25,9.463671397358059e-27,1.094986226596893e-28,1.2674422119549363e-30,1.467644010529407e-33,1.7404772757223074e-35,0.0,0.0,0.0,0.0,0.0,0.0,0.0,0.0,0.0,0.0,0.0,0.0,0.0,0.0,0.0,0.0,0.0,0.0,0.0,0.0,0.0,0.0,0.0,0.0,0.0,0.0,0.0,0.0,0.0,0.0,0.0,0.0,0.0,0.0,0.0,0.0,0.0,0.0,0.0,0.0,0.0,0.0,0.0,0.0,0.0,0.0,0.0,0.0,0.0,0.0,0.0,0.0,0.0,0.0,0.0,0.0,0.0,0.0,0.0,1499.7276563057108,49.990921876856376,0.0,1.0
210.52631578947367,110.20494868272343,125.25000013572529,297.147305133387,23.1785228123759,6.473052884283907,0.0,0.0,0.16718109476207546,0.0,17.83696796350943,0.0,18.697685229490872,0.0,18.3049751093134,0.0,16.449067761442333,0.0,13.365233854093228,0.0,9.753753600858756,0.0,6.393948776686042,0.0,3.779990472459057,0.0,2.055412870214916,0.0,1.0176063055879345,0.0,0.0019578800350138117,0.0,2.294073461191469e-05,0.0,2.6878402357656483e-07,0.0,3.1491140766292697e-09,0.0,3.6895012701667845e-11,0.0,4.3225872430493326e-13,0.0,5.064302599350297e-15,0.0,5.935345915915395e-17,0.0,6.956189460597987e-19,0.0,8.152395820448649e-21,0.0,0.42140445818217065,0.09791732818986434,0.0,0.16286565039553516,0.0,0.058944447943080534,0.0,0.020042281203468657,0.0,9.533873338963291e-23,7.111205114842746e-23,0.0,1.114944305594322e-24,0.0,1.3038772784669933e-26,0.0,1.5248261252636382e-28,0.0,0.006428141371633468,0.0,0.0019476724426364576,0.0,1.7832778931530063e-30,0.0,2.0855863505144227e-32,0.0,0.0005963843499299004,0.0,0.000172352698530497,0.0,4.715975991674608e-05,0.0,1.225258719562756e-05,0.0,3.0304689961327604e-06,0.0,9.203083033696698e-07,0.0,0.0,2.444219488387234e-34,0.0,2.8539257876461305e-36,0.0,2.805953897589345e-38,0.0,0.0,0.0,0.0,0.0,0.0,0.0,0.0,0.0,0.0,0.0,0.0,0.0,0.0,328.358638,0.0,0.0,0.0,0.0,32.836362,0.0,0.0,6.281561489547309,0.0,0.057343443745140714,0.0,0.0002699617611506826,0.0,0.008830186799995903,0.0,0.0,8.122768664064251,0.0,8.1227686007997,0.0,2.707831247518761,0.0,35.695395160023025,0.0,3.179774525662246,0.0,0.0,0.0,0.7863725029717092,0.0,0.0071786741445445815,0.0,2.1109579880997462e-05,0.0,0.000689405058689589,0.0,0.0,0.6332685572074966,0.0,0.6332685572428263,0.0,0.21108950624601638,0.0,2.77934470425558,0.0,0.3915750426969074,0.0,0.0,0.0,373.99221945795256,1.0330587585038713,2.360910402323711,2.0000697410196078,1.5528092301929806,1.1051857994585248,0.7200542860900481,0.4293599127592487,0.23467218421609212,0.11789834736156636,0.0055309953095401656,0.0023989221996629046,0.0008897355267913072,0.0003106136852066133,0.00010231848408085279,3.187855372068291e-05,9.423779666206477e-07,2.646127746971987e-07,7.512226834074937e-08,2.023210076094049e-08,5.182467900325555e-09,1.2655218992222339e-09,2.9523743310704903e-10,8.364526299462712e-11,27.663871944636853,0.02410742399075132,0.0002745793497690357,3.1563266225872814e-06,3.639898300604291e-08,4.2066606080387126e-10,4.869285572655199e-12,5.6429629892626996e-14,6.545660669047874e-16,7.601071638673877e-19,8.832056689619335e-21,1.0267392221270346e-22,1.1915818721795175e-24,1.383401461126729e-26,1.6066143567066071e-28,1.8663656504521e-30,2.1687491656651785e-33,2.559326182509255e-35,0.0,0.0,0.0,0.0,0.0,0.0,0.0,0.0,0.0,0.0,0.0,0.0,0.0,0.0,0.0,0.0,0.0,0.0,0.0,0.0,0.0,0.0,0.0,0.0,0.0,0.0,0.0,0.0,0.0,0.0,0.0,0.0,0.0,0.0,0.0,0.0,0.0,0.0,0.0,0.0,0.0,0.0,0.0,0.0,0.0,0.0,0.0,0.0,0.0,0.0,0.0,0.0,0.0,0.0,0.0,0.0,0.0,0.0,0.0,1499.6368860629627,49.98789620209798,0.0,1.0
263.1578947368421,110.20494868272343,125.25000013650671,291.179128984732,23.17857207329375,6.227947463507747,0.0,0.0,0.16718180379394992,0.0,17.12458119620386,0.0,18.131786193726636,0.0,18.443214186771073,0.0,17.896199742249067,0.0,16.314029300828327,0.0,13.784265662691583,0.0,10.709070540640608,0.0,7.628154818784339,0.0,5.07344924268353,0.0,3.095603703905036,0.0,0.001957892239043607,0.0,2.2940926525590998e-05,0.0,2.6878685500065617e-07,0.0,3.1491543402238962e-09,0.0,3.6895561308012e-11,0.0,4.322661098793916e-13,0.0,5.064400704961297e-15,0.0,5.93547488231555e-17,0.0,6.956357541652289e-19,0.0,8.152613290231234e-21,0.0,1.5551320075966122,0.5824745751268691,0.0,0.7332394484793188,0.0,0.3252037309239958,0.0,0.13599378190706457,0.0,9.534151258389758e-23,9.459947875475976e-23,0.0,1.114979619124431e-24,0.0,1.3039219803386673e-26,0.0,1.5248821653968203e-28,0.0,0.05383948225791731,0.0,0.02015348040498508,0.0,1.783348136987248e-30,0.0,2.0856737531041135e-32,0.0,0.007764139898732183,0.0,0.002823852145683186,0.0,0.0009725516529848691,0.0,0.00031805728296518216,0.0,9.901915068189698e-05,0.0,4.081576693569681e-05,0.0,0.0,2.4443266498974302e-34,0.0,2.8540138566416267e-36,0.0,2.805953897589345e-38,0.0,0.0,0.0,0.0,0.0,0.0,0.0,0.0,0.0,0.0,0.0,0.0,0.0,0.0,328.358638,0.0,0.0,0.0,0.0,32.836362,0.0,0.0,6.184366371124754,0.0,0.05645616392278626,0.0,0.00026453012986728095,0.0,0.008652880755141973,0.0,0.0,7.9591640637322625,0.0,7.959164039904541,0.0,2.6532660096604226,0.0,34.9715339085822,0.0,3.8691808481303505,0.0,0.0,0.0,0.7880733837094087,0.0,0.007194201127062602,0.0,2.1109987462255336e-05,0.0,0.0006894101709811496,0.0,0.0,0.6332699177516413,0.0,0.633269917751406,0.0,0.2110899726302072,0.0,2.7793512788670687,0.0,0.47936174826872757,0.0,0.0,0.0,458.2080241501292,1.2590757359882903,3.0054277845544854,2.7027022520890003,2.2772554630133897,1.8018669036539834,1.3353239107699577,0.9238755225080413,0.5955334094819721,0.3574517070598364,0.020295707578298225,0.010734512938715406,0.0047952736234867606,0.0020279581435791814,0.0008131225621468908,0.00030959600287612434,1.1227347653758648e-05,3.874765412835171e-06,1.3753190425155517e-06,4.6352586343251837e-07,1.4868691891372595e-07,4.5492968193573345e-08,1.330361381183712e-08,5.066448111356784e-09,34.385001448739544,0.030205493894333444,0.00034635063016144515,4.000081748832189e-06,4.631155160325313e-08,5.370693813014985e-10,6.235789999433104e-12,7.246791423895016e-14,8.427706842697428e-16,9.810062123884001e-19,1.1424492217456966e-20,1.3309469331099098e-22,1.5477603047563505e-24,1.800401136475167e-26,2.094792672230062e-28,2.437843461562653e-30,2.8377325275346346e-33,3.3406665166995024e-35,0.0,0.0,0.0,0.0,0.0,0.0,0.0,0.0,0.0,0.0,0.0,0.0,0.0,0.0,0.0,0.0,0.0,0.0,0.0,0.0,0.0,0.0,0.0,0.0,0.0,0.0,0.0,0.0,0.0,0.0,0.0,0.0,0.0,0.0,0.0,0.0,0.0,0.0,0.0,0.0,0.0,0.0,0.0,0.0,0.0,0.0,0.0,0.0,0.0,0.0,0.0,0.0,0.0,0.0,0.0,0.0,0.0,0.0,0.0,1499.5461213141098,49.98487071046805,0.0,1.0
315.7894736842105,110.20494868272343,125.25000013759697,285.86499418675425,23.178622513608662,6.032344559822743,0.0,0.0,0.16718254424455317,0.0,16.52400142246864,0.0,17.484902172431237,0.0,17.970817661361835,0.0,17.990606241433905,0.0,17.385164412873447,0.0,16.006529616082396,0.0,13.877747252133249,0.0,11.240623799964913,0.0,8.64896159797852,0.0,6.166462609599202,0.0,0.0019579054165940715,0.0,2.2941130981266458e-05,0.0,2.6878983557326025e-07,0.0,3.1491956730778338e-09,0.0,3.689612429067742e-11,0.0,4.3227363756768913e-13,0.0,5.064499463709844e-15,0.0,5.935602095942702e-17,0.0,6.9565207658076655e-19,0.0,8.152820030734389e-21,0.0,3.577447868689556,2.0620909109831804,0.0,1.9601128718554341,0.0,1.0153394249165943,0.0,0.49793186068996415,0.0,9.534411814656493e-23,1.1808690778828376e-22,0.0,1.1150123457024555e-24,0.0,1.3039628087159413e-26,0.0,1.524933019701728e-28,0.0,0.23240436113137064,0.0,0.10240270667386261,0.0,1.783411068229553e-30,0.0,2.0857517298428342e-32,0.0,0.047284113374985816,0.0,0.020631011155902938,0.0,0.008529434640936915,0.0,0.00334985361961469,0.0,0.0012527901479981712,0.0,0.0006715505037661766,0.0,0.0,2.4444236168944007e-34,0.0,2.8541379484858426e-36,0.0,2.805953897589345e-38,0.0,0.0,0.0,0.0,0.0,0.0,0.0,0.0,0.0,0.0,0.0,0.0,0.0,0.0,328.358638,0.0,0.0,0.0,0.0,32.836362,0.0,0.0,6.09881196591636,0.0,0.05567514250808805,0.0,0.0002596977853894255,0.0,0.008495010785686987,0.0,0.0,7.813601020949638,0.0,7.813601106836408,0.0,2.60472415596455,0.0,34.32873848703307,0.0,4.498667419277275,0.0,0.0,0.0,0.7896955743967495,0.0,0.00720900849566926,0.0,2.111037893556181e-05,0.0,0.0006894150841307217,0.0,0.0,0.6332713243041316,0.0,0.6332713243079979,0.0,0.21109043904482536,0.0,2.779357136793608,0.0,0.5614403329587472,0.0,0.0,0.0,536.617647477681,1.4652458809926674,3.591948500165194,3.3458260184839403,2.958222641182315,2.4954128265564095,2.00548514800922,1.5299447329238183,1.103850448832437,0.7511644328789662,0.04899640489879241,0.03002332399120418,0.015391718666653337,0.007514876701443462,0.0034962722088328875,0.0015512804408451323,6.587379606549458e-05,2.6632818117879342e-05,1.1260411867083088e-05,4.527177739480732e-06,1.734266775181316e-06,6.342479009979285e-07,2.218509959594109e-07,1.0866575159242355e-07,40.797354920834,0.03602342686994737,0.0004148250082956879,4.805079986456773e-06,5.5768822110201075e-08,6.481264146974357e-10,7.539535493910421e-12,8.776965306855395e-14,1.0223326038439438e-15,1.1917617027349036e-18,1.3897890787160902e-20,1.6211870516586793e-22,1.8875857798398276e-24,2.1982564040486786e-26,2.5605599420945887e-28,2.9830875250065574e-30,3.476007743727877e-33,4.08614316309414e-35,0.0,0.0,0.0,0.0,0.0,0.0,0.0,0.0,0.0,0.0,0.0,0.0,0.0,0.0,0.0,0.0,0.0,0.0,0.0,0.0,0.0,0.0,0.0,0.0,0.0,0.0,0.0,0.0,0.0,0.0,0.0,0.0,0.0,0.0,0.0,0.0,0.0,0.0,0.0,0.0,0.0,0.0,0.0,0.0,0.0,0.0,0.0,0.0,0.0,0.0,0.0,0.0,0.0,0.0,0.0,0.0,0.0,0.0,0.0,1499.4553620587017,49.98184540195699,0.0,1.0
368.4210526315789,110.20494868272343,125.25000013619034,281.0955193774113,23.178670894335955,5.877546794967713,0.0,0.0,0.1671832438783127,0.0,16.040067213043073,0.0,16.91707355504587,0.0,17.393879431941308,0.0,17.587240348184984,0.0,17.445046040595123,0.0,16.826758159423804,0.0,15.608881153233959,0.0,13.78454572460593,0.0,11.7775085077179,0.0,9.437479644345022,0.0,0.0019579174694796695,0.0,2.294131847942224e-05,0.0,2.68792588656692e-07,0.0,3.1492347078494685e-09,0.0,3.689665960643687e-11,0.0,4.322808039336881e-13,0.0,5.0645937287537984e-15,0.0,5.935725630439625e-17,0.0,6.956679969612604e-19,0.0,8.153024426039976e-21,0.0,6.107881046143947,5.234629186794968,0.0,3.7590858176479762,0.0,2.1995930550929144,0.0,1.2241448559869093,0.0,9.534670986408156e-23,1.4157435291264878e-22,0.0,1.1150449509634817e-24,0.0,1.304003789679846e-26,0.0,1.5249841933204183e-28,0.0,0.6533165643172179,0.0,0.3277667586968079,0.0,1.7834747449663866e-30,0.0,2.0858305870554192e-32,0.0,0.1753645214872567,0.0,0.08878366315085436,0.0,0.04263710795814531,0.0,0.019467132991053973,0.0,0.00846903965961144,0.0,0.005740416877587984,0.0,0.0,2.4445214503552833e-34,0.0,2.8542703018939544e-36,0.0,2.805953897589345e-38,0.0,0.0,0.0,0.0,0.0,0.0,0.0,0.0,0.0,0.0,0.0,0.0,0.0,0.0,328.358638,0.0,0.0,0.0,0.0,32.836362,0.0,0.0,6.0226395425324135,0.0,0.05497977904474676,0.0,0.0002553589159203379,0.0,0.008353320604416266,0.0,0.0,7.682900668358856,0.0,7.682900646941817,0.0,2.5611354841660123,0.0,33.75108481842699,0.0,5.073751112510585,0.0,0.0,0.0,0.791242723762483,0.0,0.007223133646701472,0.0,2.1110751218488273e-05,0.0,0.000689419765609874,0.0,0.0,0.6332726470628035,0.0,0.6332726470628761,0.0,0.21109087964914278,0.0,2.779363036100818,0.0,0.6381864972731967,0.0,0.0,0.0,609.6860681352928,1.654436194544241,4.128218129266355,3.9330205202364334,3.584301072833867,3.1482731434243507,2.666283556932543,2.171233197516277,1.693617083453501,1.260785458587537,0.09111193410211442,0.062407989008134795,0.035523218151107455,0.01937389791250829,0.010121553555103866,0.0050657202271297205,0.0002441670471896969,0.0001118811756118167,5.44791342073019e-05,2.5273358813219483e-05,1.1188563271318075e-05,4.734506154196676e-06,1.9180968155710682e-06,1.1732771522466562e-06,46.91511883328447,0.041574094063128196,0.00048015397016678315,5.5731021639586265e-06,6.479171530018288e-08,7.540828291402871e-10,8.783406023601e-12,1.0236869334529035e-13,1.1936489984051824e-15,1.3928397907992097e-18,1.6257722935898342e-20,1.8981014973272096e-22,2.2118098518423924e-24,2.5778471292596434e-26,3.00494617361546e-28,3.5033035432778764e-30,4.0849861692948156e-33,4.797404402252253e-35,0.0,0.0,0.0,0.0,0.0,0.0,0.0,0.0,0.0,0.0,0.0,0.0,0.0,0.0,0.0,0.0,0.0,0.0,0.0,0.0,0.0,0.0,0.0,0.0,0.0,0.0,0.0,0.0,0.0,0.0,0.0,0.0,0.0,0.0,0.0,0.0,0.0,0.0,0.0,0.0,0.0,0.0,0.0,0.0,0.0,0.0,0.0,0.0,0.0,0.0,0.0,0.0,0.0,0.0,0.0,0.0,0.0,0.0,0.0,1499.3646082965004,49.978820276550486,0.0,1.0
421.05263157894734,110.20494868272343,125.25000013724001,277.0020772179836,23.178716162958846,5.753880138020071,0.0,0.0,0.1671838910204326,0.0,15.653203089091546,0.0,16.451155712783837,0.0,16.869537664808377,0.0,17.074784978222826,0.0,17.094707251956308,0.0,16.86003859720813,0.0,16.251186505403716,0.0,15.16490603205079,0.0,13.935660078286146,0.0,12.17148448326081,0.0,0.0019579289791294653,0.0,2.2941498047945126e-05,0.0,2.687952191867449e-07,0.0,3.149271486253159e-09,0.0,3.6897162324959926e-11,0.0,4.3228744738900183e-13,0.0,5.064681414137377e-15,0.0,5.935839371763732e-17,0.0,6.956826600675563e-19,0.0,8.153212373144971e-21,0.0,8.557403857011634,10.597074542103062,0.0,5.764521384502328,0.0,3.715142049340873,0.0,2.2891439337247768,0.0,9.534909282043961e-23,1.650617774925459e-22,0.0,1.1150749986482984e-24,0.0,1.304041299412872e-26,0.0,1.525031036243853e-28,0.0,1.3654211642787395,0.0,0.7618559855329281,0.0,1.783533052222971e-30,0.0,2.085902696675395e-32,0.0,0.4609054334040643,0.0,0.2642717149074567,0.0,0.14391862082935156,0.0,0.0745936407107913,0.0,0.03687093377607433,0.0,0.030994601850247105,0.0,0.0,2.444610921667349e-34,0.0,2.8544099493168352e-36,0.0,2.805953897589345e-38,0.0,0.0,0.0,0.0,0.0,0.0,0.0,0.0,0.0,0.0,0.0,0.0,0.0,0.0,328.358638,0.0,0.0,0.0,0.0,32.836362,0.0,0.0,5.958428035190476,0.0,0.05439359363363414,0.0,0.0002516292036544056,0.0,0.008231711082169935,0.0,0.0,7.570546949578617,0.0,7.570546813485864,0.0,2.5236555280097153,0.0,33.252686588393516,0.0,5.599632352099533,0.0,0.0,0.0,0.7927182062559155,0.0,0.007236603481275068,0.0,2.1111103803701537e-05,0.0,0.0006894243160371063,0.0,0.0,0.6332738835916522,0.0,0.6332738836887866,0.0,0.21109129427635442,0.0,2.7793683823089093,0.0,0.709950967372362,0.0,0.0,0.0,677.864999595389,1.828967550646773,4.6211812498566625,4.47099072781723,4.157636315649422,3.750557279318691,3.2888387601167066,2.799326741953529,2.305556946184389,1.830742265824245,0.14275269434215646,0.10643802849595754,0.06566289206152225,0.03904610368436076,0.022360050124915577,0.012324376354624468,0.000659157124154591,0.00033425503752817815,0.0001828744441726921,9.552666961488498e-05,4.7704331812903816e-05,2.2805077826393926e-05,1.0450797721483547e-05,7.817376957344252e-06,52.75182693586881,0.046869772727726765,0.0005424819995005164,6.305846634829663e-06,7.340018147401634e-08,8.551728724304809e-10,9.970151230946871e-12,1.1629730246157316e-13,1.3570984635478682e-15,1.5846847914624905e-18,1.8509202541844296e-20,2.1623020183623595e-22,2.5211487075136915e-24,2.940011701208823e-26,3.4289327727701707e-28,3.999640281262803e-30,4.6660124241018444e-33,5.476020529504462e-35,0.0,0.0,0.0,0.0,0.0,0.0,0.0,0.0,0.0,0.0,0.0,0.0,0.0,0.0,0.0,0.0,0.0,0.0,0.0,0.0,0.0,0.0,0.0,0.0,0.0,0.0,0.0,0.0,0.0,0.0,0.0,0.0,0.0,0.0,0.0,0.0,0.0,0.0,0.0,0.0,0.0,0.0,0.0,0.0,0.0,0.0,0.0,0.0,0.0,0.0,0.0,0.0,0.0,0.0,0.0,0.0,0.0,0.0,0.0,1499.2738600270268,49.975795334238505,0.0,1.0
473.6842105263158,110.20494868272343,125.25000013697384,273.7302465853023,23.178760648403845,5.65604304724528,0.0,0.0,0.16718453650339826,0.0,15.34440126085147,0.0,16.075573880156828,0.0,16.43103559203433,0.0,16.59539788150156,0.0,16.63863450504706,0.0,16.551191352499337,0.0,16.263372818197915,0.0,15.674746965525161,0.0,15.109730188821313,0.0,14.02935006835924,0.0,0.0019579405914449855,0.0,2.2941678977048877e-05,0.0,2.6879785592442404e-07,0.0,3.1493087014068268e-09,0.0,3.689766947363706e-11,0.0,4.322942215696868e-13,0.0,5.064770687087808e-15,0.0,5.935956124919796e-17,0.0,6.956976881785262e-19,0.0,8.153403658166593e-21,0.0,10.485796685813023,18.27338007487418,0.0,7.569334696745774,0.0,5.263657728383523,0.0,3.519856723724452,0.0,9.535151467520547e-23,1.8854918127207833e-22,0.0,1.115105479959196e-24,0.0,1.3040795491152412e-26,0.0,1.5250786072209827e-28,0.0,2.3020933864332824,0.0,1.403758674640458,0.0,1.7835921532965425e-30,0.0,2.0859758908880117e-32,0.0,0.9429177045108024,0.0,0.601303095579048,0.0,0.3647078816508106,0.0,0.21077439756389996,0.0,0.11628463875175431,0.0,0.11961194200374292,0.0,0.0,2.4447010002993428e-34,0.0,2.8544894714142133e-36,0.0,2.805953897589345e-38,0.0,0.0,0.0,0.0,0.0,0.0,0.0,0.0,0.0,0.0,0.0,0.0,0.0,0.0,328.358638,0.0,0.0,0.0,0.0,32.836362,0.0,0.0,5.909239847842743,0.0,0.05394455107167418,0.0,0.00024864305874821186,0.0,0.008134509577177656,0.0,0.0,7.48058259093716,0.0,7.4805824108840175,0.0,2.4936355313453737,0.0,32.85189380011254,0.0,6.081631061880256,0.0,0.0,0.0,0.7941254759602835,0.0,0.007249449971281446,0.0,2.111144728343044e-05,0.0,0.0006894285877096162,0.0,0.0,0.6332751558184758,0.0,0.6332751558133389,0.0,0.21109170889648907,0.0,2.7793739639623594,0.0,0.7770612045446847,0.0,0.0,0.0,741.6405176730758,1.990721534251146,5.076568357155626,4.966180067467038,4.683873824643919,4.303541251366318,3.86470093171918,3.391365873358233,2.901880015314477,2.4137796754282976,0.19912501258264362,0.15837103241181832,0.10395093421874968,0.06614884650841459,0.04075166377204147,0.024278916216105808,0.0014151860681469895,0.00078020332728973,0.0004707317211392684,0.0002717915410621917,0.00015031778893609187,7.971659910958775e-05,4.058419843543957e-05,3.655533848699829e-05,58.32039193013944,0.05192217828169159,0.0006019469698235126,7.00493422287832e-06,8.161326122359833e-08,9.516201285298687e-10,1.110239565846273e-11,1.2958628271627253e-13,1.513042446506881e-15,1.7677209176910555e-18,2.0657307780876664e-20,2.414372746887573e-22,2.8162862260715203e-24,3.2855507322753e-26,3.83345693261746e-28,4.473194764577787e-30,5.220370639704427e-33,6.123491255150719e-35,0.0,0.0,0.0,0.0,0.0,0.0,0.0,0.0,0.0,0.0,0.0,0.0,0.0,0.0,0.0,0.0,0.0,0.0,0.0,0.0,0.0,0.0,0.0,0.0,0.0,0.0,0.0,0.0,0.0,0.0,0.0,0.0,0.0,0.0,0.0,0.0,0.0,0.0,0.0,0.0,0.0,0.0,0.0,0.0,0.0,0.0,0.0,0.0,0.0,0.0,0.0,0.0,0.0,0.0,0.0,0.0,0.0,0.0,0.0,1499.1831172501138,49.97277057500797,0.0,1.0
526.3157894736842,110.20494868272343,125.25000013534722,271.28095175351996,23.178798611899776,5.581825455400389,0.0,0.0,0.16718509018037458,0.0,15.103498485254626,0.0,15.777143993754226,0.0,16.075441832026442,0.0,16.187867677534598,0.0,16.20222571854052,0.0,16.143646771902564,0.0,15.987636204390636,0.0,15.67006157185126,0.0,15.54887503174232,0.0,15.041450926464687,0.0,0.001957950169478094,0.0,2.2941829230569416e-05,0.0,2.688000648597226e-07,0.0,3.1493400334451805e-09,0.0,3.6898101482705866e-11,0.0,4.323000693578663e-13,0.0,5.0648480221527444e-15,0.0,5.936057256270447e-17,0.0,6.9571084067871e-19,0.0,8.153572441143229e-21,0.0,11.73964502628302,28.030704255282007,0.0,8.920625166936118,0.0,6.577300829830299,0.0,4.693039708937672,0.0,9.535365790559887e-23,2.120364295572745e-22,0.0,1.1151325126970564e-24,0.0,1.3041135051691642e-26,0.0,1.5251213521060813e-28,0.0,3.309156119817524,0.0,2.1736347164318772,0.0,1.78364526055446e-30,0.0,2.08604155820331e-32,0.0,1.5973758783878376,0.0,1.1168630056649766,0.0,0.7439459258489023,0.0,0.47279495117582643,0.0,0.28715779121128654,0.0,0.35818440550061553,0.0,0.0,2.444782129179677e-34,0.0,2.8546071445294577e-36,0.0,2.805953897589345e-38,0.0,0.0,0.0,0.0,0.0,0.0,0.0,0.0,0.0,0.0,0.0,0.0,0.0,0.0,328.358638,0.0,0.0,0.0,0.0,32.836362,0.0,0.0,5.87533943093977,0.0,0.05363508154099471,0.0,0.00024640489083051627,0.0,0.008061747210959608,0.0,0.0,7.413136592067066,0.0,7.413136592526066,0.0,2.471124181752689,0.0,32.55036083110044,0.0,6.52495946910039,0.0,0.0,0.0,0.7954675426972614,0.0,0.007261701761835735,0.0,2.1111768743864164e-05,0.0,0.0006894325794715058,0.0,0.0,0.6332762151360136,0.0,0.6332762151287704,0.0,0.21109207172792685,0.0,2.779378991258786,0.0,0.8398229210700625,0.0,0.0,0.0,801.5028096540999,2.1413475850537806,5.499224296430684,5.424144622120695,5.168864595741765,4.811968840270559,4.39462451583338,3.9401655334436283,3.464126096054356,2.9796603690011523,0.25626381330463344,0.21403159995135002,0.1473329882185032,0.09885361011802359,0.06453815302312035,0.04093943380150218,0.0025617324448393816,0.001514100415233129,0.00099265790573516,0.0006243573220027315,0.000376964893644755,0.00021863364350449083,0.00012192369551383406,0.0001307362245903764,63.6331298307222,0.05674248131301668,0.0006586803105238395,7.671909554040759e-06,8.944909564638777e-08,1.0436375610828748e-09,1.2182638644291568e-11,1.4226495898180444e-13,1.6618249631973725e-15,1.9423518319846393e-18,2.2706774567419432e-20,2.654869244727561e-22,3.097872687807431e-24,3.615225320473858e-26,4.219409413232453e-28,4.9250094371348354e-30,5.749280755915431e-33,6.741241009854794e-35,0.0,0.0,0.0,0.0,0.0,0.0,0.0,0.0,0.0,0.0,0.0,0.0,0.0,0.0,0.0,0.0,0.0,0.0,0.0,0.0,0.0,0.0,0.0,0.0,0.0,0.0,0.0,0.0,0.0,0.0,0.0,0.0,0.0,0.0,0.0,0.0,0.0,0.0,0.0,0.0,0.0,0.0,0.0,0.0,0.0,0.0,0.0,0.0,0.0,0.0,0.0,0.0,0.0,0.0,0.0,0.0,0.0,0.0,0.0,1499.092379965319,49.969745998849135,0.0,1.0
578.9473684210526,110.20494868272343,125.25000013563378,269.54196647609956,23.178847442298363,5.528626728532861,0.0,0.0,0.16718578925497482,0.0,14.923609462566798,0.0,15.546997685726277,0.0,15.794230128828772,0.0,15.855977397545649,0.0,15.826440089152545,0.0,15.747152118128064,0.0,15.621944715897493,0.0,15.421455517096991,0.0,15.543242076547802,0.0,15.423205579973859,0.0,0.0019579623154700166,0.0,2.294201871535308e-05,0.0,2.68802844588045e-07,0.0,3.1493787141191642e-09,0.0,3.6898627824393885e-11,0.0,4.323071216752998e-13,0.0,5.064940790054294e-15,0.0,5.936176994853362e-17,0.0,6.957262244424399e-19,0.0,8.153768484760389e-21,0.0,12.39011745167965,39.41424816590865,0.0,9.763281447526266,0.0,7.518589410593278,0.0,5.640093397985515,0.0,9.535613378397441e-23,2.355236320755875e-22,0.0,1.1151636704922354e-24,0.0,1.3041524371473487e-26,0.0,1.5251695506524512e-28,0.0,4.22316762694824,0.0,2.949909884977461,0.0,1.7837049354589038e-30,0.0,2.0861154850859273e-32,0.0,2.3409661660157157,0.0,1.7727340752686243,0.0,1.281732772303056,0.0,0.8856585199953507,0.0,0.5856555869195379,0.0,0.8807928715830738,0.0,0.0,2.444873623393516e-34,0.0,2.8546877721969594e-36,0.0,2.805953897589345e-38,0.0,0.0,0.0,0.0,0.0,0.0,0.0,0.0,0.0,0.0,0.0,0.0,0.0,0.0,328.358638,0.0,0.0,0.0,0.0,32.836362,0.0,0.0,5.854682098256761,0.0,0.05344649543467125,0.0,0.00024481454239544593,0.0,0.008010092546506326,0.0,0.0,7.365191970068964,0.0,7.365191929294691,0.0,2.4551184812752824,0.0,32.335382157888965,0.0,6.934325627878737,0.0,0.0,0.0,0.7967475885407802,0.0,0.007273386713406233,0.0,2.1112084302012915e-05,0.0,0.0006894367115217639,0.0,0.0,0.6332775525349149,0.0,0.633277552518351,0.0,0.21109251227695922,0.0,2.779384503164327,0.0,0.8985216054725411,0.0,0.0,0.0,857.8977789541814,2.282322475429727,5.893429876954409,5.849716887654177,5.617892103492404,5.281126224984868,4.882642350060546,4.446190128034142,3.9862088660484565,3.513274539169803,0.3116082736732351,0.27003817648905387,0.1927643478140946,0.13476496465091117,0.09210816993130312,0.061443136288305875,0.004074606004582473,0.00255196859107778,0.0017957488112366534,0.0012157340210753676,0.0007919517425051327,0.0004965669429787561,0.0002998952077881475,0.0003795574141199536,68.70179712033134,0.061341350507768885,0.0007128076147811704,8.308249409091633e-06,9.692503736308913e-08,1.1314289757216842e-09,1.3213273128735757e-11,1.5436142255751157e-13,1.803775711418365e-15,2.1089645558340365e-18,2.4662145659122016e-20,2.8843246731395083e-22,3.366532443429589e-24,3.9297665486635783e-26,4.587646227716736e-28,5.3560865431793e-30,6.253916203800285e-33,7.330640517505851e-35,0.0,0.0,0.0,0.0,0.0,0.0,0.0,0.0,0.0,0.0,0.0,0.0,0.0,0.0,0.0,0.0,0.0,0.0,0.0,0.0,0.0,0.0,0.0,0.0,0.0,0.0,0.0,0.0,0.0,0.0,0.0,0.0,0.0,0.0,0.0,0.0,0.0,0.0,0.0,0.0,0.0,0.0,0.0,0.0,0.0,0.0,0.0,0.0,0.0,0.0,0.0,0.0,0.0,0.0,0.0,0.0,0.0,0.0,0.0,1499.001648172404,49.9667216057515,0.0,1.0
631.578947368421,110.20494868272343,125.2500001387696,268.3648278147672,23.178895857310074,5.492850745759459,0.0,0.0,0.16718648663911623,0.0,14.796476267661337,0.0,15.37719327304533,0.0,15.579369825290271,0.0,15.594582590302446,0.0,15.519462145885903,0.0,15.402461651739827,0.0,15.262082599013889,0.0,15.092162312345629,0.0,15.318139190384805,0.0,15.416541673759445,0.0,0.001957974739116159,0.0,2.2942213320966226e-05,0.0,2.688056810274208e-07,0.0,3.1494185121891052e-09,0.0,3.689917143393658e-11,0.0,4.3231440564955227e-13,0.0,5.065036559274398e-15,0.0,5.936302112033511e-17,0.0,6.957423616171189e-19,0.0,8.153976156263814e-21,0.0,12.606718074849866,51.903634569234534,0.0,10.176865313808417,0.0,8.0817456102419,0.0,6.292100615738558,0.0,9.535877242066007e-23,2.590108494359614e-22,0.0,1.1151969126185208e-24,0.0,1.3041941971159248e-26,0.0,1.525221877473462e-28,0.0,4.935812255294845,0.0,3.622932637497781,0.0,1.7837703631878864e-30,0.0,2.086196431538393e-32,0.0,3.0668469229918625,0.0,2.487235596652509,0.0,1.9317238127477798,0.0,1.4370219273468736,0.0,1.024861943873266,0.0,1.851963606512235,0.0,0.0,2.4449740080436395e-34,0.0,2.854829907182548e-36,0.0,2.805953897589345e-38,0.0,0.0,0.0,0.0,0.0,0.0,0.0,0.0,0.0,0.0,0.0,0.0,0.0,0.0,328.358638,0.0,0.0,0.0,0.0,32.836362,0.0,0.0,5.844444157218055,0.0,0.05335303314908641,0.0,0.00024373745515558065,0.0,0.007975133210700414,0.0,0.0,7.332697713199086,0.0,7.332697927920777,0.0,2.444268614367773,0.0,32.18925991241131,0.0,7.3137492259948305,0.0,0.0,0.0,0.797968605795208,0.0,0.007284533492761583,0.0,2.1112387921405763e-05,0.0,0.000689440780667833,0.0,0.0,0.6332788699139892,0.0,0.6332788699136869,0.0,0.21109295284896437,0.0,2.7793905185984538,0.0,0.9534238119401295,0.0,0.0,0.0,911.2040441967563,2.4149198314076235,6.262949977980719,6.247158300460016,6.035639053947777,5.7159789131259915,5.33353479301721,4.912927154239165,4.46845359779808,4.009485469460029,0.3638437441185893,0.3241930552795308,0.23790379667853898,0.17168379779023948,0.12163097917274128,0.08445297652614765,0.005870714581518743,0.003857535256804304,0.002882346188075079,0.0020787393002521886,0.0014464217901718759,0.000970948693888797,0.0006290237397807611,0.0009335306859470603,73.53760875686025,0.0657289617396787,0.0007644486549725115,8.915361940244064e-06,1.0405763074160015e-07,1.215188673545361e-09,1.4196580306061399e-11,1.6590244910178289e-13,1.939208925519904e-15,2.267927953166128e-18,2.652775033558506e-20,3.103247089308184e-22,3.622860393178624e-24,4.229870955627952e-26,4.938982865360001e-28,5.767380788105935e-30,6.73539466948033e-33,7.892995291959718e-35,0.0,0.0,0.0,0.0,0.0,0.0,0.0,0.0,0.0,0.0,0.0,0.0,0.0,0.0,0.0,0.0,0.0,0.0,0.0,0.0,0.0,0.0,0.0,0.0,0.0,0.0,0.0,0.0,0.0,0.0,0.0,0.0,0.0,0.0,0.0,0.0,0.0,0.0,0.0,0.0,0.0,0.0,0.0,0.0,0.0,0.0,0.0,0.0,0.0,0.0,0.0,0.0,0.0,0.0,0.0,0.0,0.0,0.0,0.0,1498.9109218710269,49.9636973957031,0.0,1.0
684.2105263157895,110.20494868272343,125.25000013402125,267.6110594617328,23.178932347467132,5.470707946606842,0.0,0.0,0.1671870184505759,0.0,14.71240650144144,0.0,15.258607317375015,0.0,15.422422784120947,0.0,15.39639072407844,0.0,15.278516118985719,0.0,15.120280615489321,0.0,14.94709271381562,0.0,14.765734997191316,0.0,15.015326636518743,0.0,15.21258447906714,0.0,0.001957984016520194,0.0,2.2942358754218103e-05,0.0,2.688078321597331e-07,0.0,3.149449041026795e-09,0.0,3.6899590966608696e-11,0.0,4.3232001554131443e-13,0.0,5.0651109355220435e-15,0.0,5.936398712186022e-17,0.0,6.957548487291666e-19,0.0,8.15413581304304e-21,0.0,12.561887929434958,65.02894712548205,0.0,10.29140937157221,0.0,8.340555147886603,0.0,6.665740985125185,0.0,9.536080013989292e-23,2.824979355037109e-22,0.0,1.115222553978597e-24,0.0,1.3042262245303937e-26,0.0,1.525261912775621e-28,0.0,5.4130523065544836,0.0,4.1295898505982755,0.0,1.7838199465260163e-30,0.0,2.086257763330873e-32,0.0,3.6855275552252658,0.0,3.167033012132548,0.0,2.616314050640067,0.0,2.076374439245258,0.0,1.5835628138692994,0.0,3.430933203155822,0.0,0.0,2.445049496494925e-34,0.0,2.854925968158475e-36,0.0,2.805953897589345e-38,0.0,0.0,0.0,0.0,0.0,0.0,0.0,0.0,0.0,0.0,0.0,0.0,0.0,0.0,328.358638,0.0,0.0,0.0,0.0,32.836362,0.0,0.0,5.841957168969024,0.0,0.05333032714033969,0.0,0.00024304748323993996,0.0,0.007952754905104963,0.0,0.0,7.311856989177125,0.0,7.311857192915766,0.0,2.4373080074328186,0.0,32.09518945045872,0.0,7.666571743192595,0.0,0.0,0.0,0.7991329780269897,0.0,0.007295160286139712,0.0,2.111267070884872e-05,0.0,0.0006894443517326196,0.0,0.0,0.6332799080073959,0.0,0.6332799079788152,0.0,0.21109330274342547,0.0,2.779395128544183,0.0,1.004778420911701,0.0,0.0,0.0,961.7325620836407,2.5401925061079376,6.610984293960851,6.620168327636473,6.426222534960259,6.1209878263074495,5.751933794495438,5.34471186227815,4.913929064809767,4.468571519559556,0.4125028120868902,0.37534625750436956,0.28127910553555907,0.20799150510094516,0.15152965861169224,0.1085942073661754,0.007840335518004483,0.005358351678296822,0.004211153324342537,0.0032056795773791613,0.002361534223703505,0.0016826448363466617,0.0011596752992233759,0.002007500432898725,78.15125910871235,0.06991501432807994,0.0008137175417792429,9.494588155666264e-06,1.1086262403437207e-07,1.2951015123733246e-09,1.5134729512799163e-11,1.769134900942592e-13,2.068423158851612e-15,2.419592304914939e-18,2.830769795336889e-20,3.3121185217695295e-22,3.86742071665794e-24,4.516198839857926e-26,5.274192068596107e-28,6.1597964686959016e-30,7.194774375497795e-33,8.429540821360579e-35,0.0,0.0,0.0,0.0,0.0,0.0,0.0,0.0,0.0,0.0,0.0,0.0,0.0,0.0,0.0,0.0,0.0,0.0,0.0,0.0,0.0,0.0,0.0,0.0,0.0,0.0,0.0,0.0,0.0,0.0,0.0,0.0,0.0,0.0,0.0,0.0,0.0,0.0,0.0,0.0,0.0,0.0,0.0,0.0,0.0,0.0,0.0,0.0,0.0,0.0,0.0,0.0,0.0,0.0,0.0,0.0,0.0,0.0,0.0,1498.8202010607263,49.96067336869441,0.0,1.0
736.8421052631578,110.20494868272343,125.25000013655888,267.1674176454661,23.17897910716719,5.458815854307965,0.0,0.0,0.1671876860515262,0.0,14.661825307818466,0.0,15.181428027160573,0.0,15.314040006340026,0.0,15.252918106251874,0.0,15.097032452314131,0.0,14.899455616461964,0.0,14.688872902107091,0.0,14.478671747251266,0.0,14.711420391954258,0.0,14.93587963986451,0.0,0.0019579959104850586,0.0,2.2942543323454696e-05,0.0,2.6881052082115605e-07,0.0,3.1494867721770086e-09,0.0,3.690010414979219e-11,0.0,4.323268751220937e-13,0.0,5.065201095954986e-15,0.0,5.936515823431061e-17,0.0,6.957698880171863e-19,0.0,8.154327375468777e-21,0.0,12.387840272211559,78.42901927869178,0.0,10.229948392575244,0.0,8.393206716341247,0.0,6.823980756412231,0.0,9.536321202720452e-23,3.05984939282436e-22,0.0,1.115252840686246e-24,0.0,1.3042641650775152e-26,0.0,1.5253090871897957e-28,0.0,5.678433426065595,0.0,4.4581570536421316,0.0,1.783878471747475e-30,0.0,2.086330352808039e-32,0.0,4.148440719336062,0.0,3.7384551661012315,0.0,3.254078564262202,0.0,2.731259011996331,0.0,2.209719018058539,0.0,5.731280472225966,0.0,0.0,2.4451394144532375e-34,0.0,2.8550225323306667e-36,0.0,2.805953897589345e-38,0.0,0.0,0.0,0.0,0.0,0.0,0.0,0.0,0.0,0.0,0.0,0.0,0.0,0.0,328.358638,0.0,0.0,0.0,0.0,32.836362,0.0,0.0,5.845030048753966,0.0,0.05335837406032988,0.0,0.00024264121365173555,0.0,0.00793959269350811,0.0,0.0,7.299557412279092,0.0,7.299557412406517,0.0,2.4331980561704807,0.0,32.03931486385717,0.0,7.995554037528137,0.0,0.0,0.0,0.8002436803611699,0.0,0.0073053018675175805,0.0,2.111294841303293e-05,0.0,0.0006894480991823719,0.0,0.0,0.6332811907777516,0.0,0.6332811908476577,0.0,0.21109372500546203,0.0,2.7794005737341334,0.0,1.0528178627474885,0.0,0.0,0.0,1009.7364478856923,2.658988959099452,6.940165147602478,6.971864187652673,6.793186086892175,6.500067653744344,6.1420439587981575,5.745844489325642,5.326579723025493,4.893275020054674,0.45760009189469364,0.4230784568493116,0.32214899782827716,0.24270326283314367,0.18068750733805544,0.13274247969764422,0.009877595382207711,0.006969541886036698,0.005712665237316313,0.004552348872812874,0.0035221782120438737,0.0026433118435537583,0.001923669561273603,0.003866483222797088,82.55295657870828,0.07390877140035565,0.0008607233088088941,1.0047209933217497e-05,1.1735507852640555e-07,1.371344372981498e-09,1.6029797275196493e-11,1.8741891847921134e-13,2.1917044378301707e-15,2.564293349677941e-18,3.000592894889343e-20,3.5114013973166538e-22,4.100754869304006e-24,4.789384134408539e-26,5.594016011751927e-28,6.534202434249313e-30,7.633072467840084e-33,8.941465143591387e-35,0.0,0.0,0.0,0.0,0.0,0.0,0.0,0.0,0.0,0.0,0.0,0.0,0.0,0.0,0.0,0.0,0.0,0.0,0.0,0.0,0.0,0.0,0.0,0.0,0.0,0.0,0.0,0.0,0.0,0.0,0.0,0.0,0.0,0.0,0.0,0.0,0.0,0.0,0.0,0.0,0.0,0.0,0.0,0.0,0.0,0.0,0.0,0.0,0.0,0.0,0.0,0.0,0.0,0.0,0.0,0.0,0.0,0.0,0.0,1498.7294857412705,49.95764952471225,0.0,1.0
789.4736842105262,110.20494868272343,125.25000013659452,266.9463406830056,23.179027553795663,5.454401684958805,0.0,0.0,0.16718838587609905,0.0,14.636369741189995,0.0,15.136340797612089,0.0,15.24465717462358,0.0,15.15495038359908,0.0,14.96677052247765,0.0,14.734116269421321,0.0,14.487354942326494,0.0,14.24318783094817,0.0,14.442108147838974,0.0,14.656737222169982,0.0,0.001958008302362784,0.0,2.2942736644559233e-05,0.0,2.688133538127779e-07,0.0,3.1495264897815874e-09,0.0,3.690065158268948e-11,0.0,4.3233422249464476e-13,0.0,5.065297960979478e-15,0.0,5.936642113699226e-17,0.0,6.957861886929088e-19,0.0,8.154535385497279e-21,0.0,12.169955355536056,91.86237307778386,0.0,10.084447575313431,0.0,8.327574960675866,0.0,6.840217539898697,0.0,9.536585217439992e-23,3.294719512282019e-22,0.0,1.115286043644908e-24,0.0,1.304305820254962e-26,0.0,1.5253611464418604e-28,0.0,5.784011621453443,0.0,4.63324021253603,0.0,1.78394322694725e-30,0.0,2.0864105495502313e-32,0.0,4.449298433290801,0.0,4.1638044685220175,0.0,3.783948781654774,0.0,3.330620575989397,0.0,2.83644456773416,0.0,8.792910946358347,0.0,0.0,2.4452391356333044e-34,0.0,2.855214718808229e-36,0.0,2.805953897589345e-38,0.0,0.0,0.0,0.0,0.0,0.0,0.0,0.0,0.0,0.0,0.0,0.0,0.0,0.0,328.358638,0.0,0.0,0.0,0.0,32.836362,0.0,0.0,5.851970599281355,0.0,0.05342174397264564,0.0,0.0002424386538550334,0.0,0.007933043757370962,0.0,0.0,7.293391346407723,0.0,7.293391072393092,0.0,2.431135560728144,0.0,32.01091114446388,0.0,8.302989629522527,0.0,0.0,0.0,0.8013030330846733,0.0,0.00731497275296695,0.0,2.1113217544775447e-05,0.0,0.0006894518611892048,0.0,0.0,0.633282543732021,0.0,0.633282543777968,0.0,0.21109417081928392,0.0,2.779406530977768,0.0,1.097759179595055,0.0,0.0,0.0,1055.42277705444,2.77198634988835,7.2526153368365325,7.304803919202437,7.139499287623619,6.856569288415747,6.507552825633733,6.120260785595591,5.710386087903244,5.287196439046528,0.49938291829118847,0.46740211879693677,0.3602727013122404,0.27534605619083563,0.20844814891508637,0.1561295765363984,0.011898858126030996,0.008613687401393002,0.00730910153822389,0.006052376940121878,0.004882594845042184,0.0038323237564613514,0.002925002419508634,0.006796906162821614,86.75244119310794,0.07771907131702721,0.0009055699954518652,1.0574450635516725e-05,1.235493685503955e-07,1.4440860819292104e-09,1.6883765919349264e-11,1.9744200469983974e-13,2.309325883211923e-15,2.702351720803957e-18,3.1626206844061553e-20,3.701537405640396e-22,4.323380084376719e-24,5.050032497544848e-26,5.89916385584794e-28,6.891428982820425e-30,8.051261062459702e-33,9.429903885980564e-35,0.0,0.0,0.0,0.0,0.0,0.0,0.0,0.0,0.0,0.0,0.0,0.0,0.0,0.0,0.0,0.0,0.0,0.0,0.0,0.0,0.0,0.0,0.0,0.0,0.0,0.0,0.0,0.0,0.0,0.0,0.0,0.0,0.0,0.0,0.0,0.0,0.0,0.0,0.0,0.0,0.0,0.0,0.0,0.0,0.0,0.0,0.0,0.0,0.0,0.0,0.0,0.0,0.0,0.0,0.0,0.0,0.0,0.0,0.0,1498.6387759123043,49.954625863746145,0.0,1.0
842.1052631578947,110.20494868272343,125.25000013860684,266.87925705865536,23.17906736911143,5.455181832557757,0.0,0.0,0.16718895968734374,0.0,14.629044343259707,0.0,15.11521120783524,0.0,15.205382231270356,0.0,15.09333000820989,0.0,14.878852441044163,0.0,14.61642826291348,0.0,14.3373148783586,0.0,14.059910452876533,0.0,14.220434831891618,0.0,14.409511754756288,0.0,0.001958018078549389,0.0,2.294289337174733e-05,0.0,2.688156523593667e-07,0.0,3.149558871466839e-09,0.0,3.6901093321685714e-11,0.0,4.3234011258411814e-13,0.0,5.065375716733729e-15,0.0,5.936743343198103e-17,0.0,6.957992132097415e-19,0.0,8.154701387334837e-21,0.0,11.956295515651007,105.19037364801389,0.0,9.913712379242476,0.0,8.207887981432297,0.0,6.777265942729094,0.0,9.536794808408831e-23,3.5295888007117994e-22,0.0,1.1153124206835924e-24,0.0,1.3043386736183373e-26,0.0,1.5254018618175885e-28,0.0,5.786043179520561,0.0,4.695591918866071,0.0,1.783993774476542e-30,0.0,2.0864731656946932e-32,0.0,4.611241898922677,0.0,4.440697512870659,0.0,4.176564671067541,0.0,3.8235820748868257,0.0,3.4017183235581414,0.0,12.576313318911335,0.0,0.0,2.445316899629231e-34,0.0,2.855318153635664e-36,0.0,2.805953897589345e-38,0.0,0.0,0.0,0.0,0.0,0.0,0.0,0.0,0.0,0.0,0.0,0.0,0.0,0.0,328.358638,0.0,0.0,0.0,0.0,32.836362,0.0,0.0,5.861455952783013,0.0,0.05350832587397686,0.0,0.0002423771455592117,0.0,0.00793107105541928,0.0,0.0,7.291472580401069,0.0,7.291472575991876,0.0,2.430491304319199,0.0,32.00158346897957,0.0,8.590799320366068,0.0,0.0,0.0,0.8023133579843589,0.0,0.007324195420976248,0.0,2.1113469525448153e-05,0.0,0.0006894550642523916,0.0,0.0,0.6332836397783019,0.0,0.6332836398222145,0.0,0.2110945468405845,0.0,2.779411170803013,0.0,1.1398050434141571,0.0,0.0,0.0,1098.962374349512,2.879722158023568,7.550029886529556,7.621051150352907,7.467595162448031,7.193290822331419,6.851606216760249,6.47141366816199,6.06901540596438,5.654014048783835,0.5381867256862712,0.5085478448560795,0.39570291551671827,0.3057913321800022,0.2345145332755893,0.17832069766634218,0.01384836644275639,0.010231721328541974,0.008930523835486393,0.007634132777671511,0.006379546818312575,0.005203264010953521,0.004139051519202081,0.01107177204193137,90.75900092279161,0.08135433845881891,0.000948356725481953,1.1077475209833392e-05,1.2945917615252263e-07,1.5134872537684567e-09,1.7698520411051582e-11,2.0700486557048147e-13,2.421546957638174e-15,2.834071860080278e-18,3.317210356791293e-20,3.8829455956294263e-22,4.535786879723595e-24,5.298718073360076e-26,6.190307581402456e-28,7.232262577906387e-30,8.450260605795198e-33,9.895931770208567e-35,0.0,0.0,0.0,0.0,0.0,0.0,0.0,0.0,0.0,0.0,0.0,0.0,0.0,0.0,0.0,0.0,0.0,0.0,0.0,0.0,0.0,0.0,0.0,0.0,0.0,0.0,0.0,0.0,0.0,0.0,0.0,0.0,0.0,0.0,0.0,0.0,0.0,0.0,0.0,0.0,0.0,0.0,0.0,0.0,0.0,0.0,0.0,0.0,0.0,0.0,0.0,0.0,0.0,0.0,0.0,0.0,0.0,0.0,0.0,1498.5480715735769,49.95160238578741,0.0,1.0
894.7368421052631,110.20494868272343,125.2500001369856,266.9119542276902,23.17911170896538,5.459279343216867,0.0,0.0,0.16718960772074457,0.0,14.634064468604278,0.0,15.111177494832699,0.0,15.188434339486287,0.0,15.059626598016322,0.0,14.824582841665487,0.0,14.537948739524026,0.0,14.231399493668553,0.0,13.92418941037799,0.0,14.047887915001901,0.0,14.207477636531433,0.0,0.001958029514271035,0.0,2.2943068336647153e-05,0.0,2.688181621958586e-07,0.0,3.149594399938867e-09,0.0,3.690157909499011e-11,0.0,4.323466944050643e-13,0.0,5.065462925456691e-15,0.0,5.936857870976069e-17,0.0,6.9581406757647415e-19,0.0,8.154891747316625e-21,0.0,11.770136200115537,118.35002400890055,0.0,9.750627036258605,0.0,8.074764983530438,0.0,6.680104887793112,0.0,9.537036250794065e-23,3.7644568404334836e-22,0.0,1.1153428244610891e-24,0.0,1.3043768775856595e-26,0.0,1.525449526459967e-28,0.0,5.731408330586436,0.0,4.6864610283442305,0.0,1.78405295588994e-30,0.0,2.086546422122704e-32,0.0,4.670541767251701,0.0,4.590983053871033,0.0,4.432428785269957,0.0,4.187318685672035,0.0,3.86302144522045,0.0,16.977992598118067,0.0,0.0,2.445406890822869e-34,0.0,2.8553799291374196e-36,0.0,2.805953897589345e-38,0.0,0.0,0.0,0.0,0.0,0.0,0.0,0.0,0.0,0.0,0.0,0.0,0.0,0.0,328.358638,0.0,0.0,0.0,0.0,32.836362,0.0,0.0,5.872443741113962,0.0,0.05360863318805799,0.0,0.0002424072460600159,0.0,0.007932062880917069,0.0,0.0,7.292313938958308,0.0,7.292313940810311,0.0,2.4307688307161683,0.0,32.0047146759589,0.0,8.860603243690976,0.0,0.0,0.0,0.8032771356994115,0.0,0.007332994302980487,0.0,2.1113716281627756e-05,0.0,0.0006894584896755874,0.0,0.0,0.6332848836850703,0.0,0.6332848835794235,0.0,0.2110949482743429,0.0,2.7794166596996916,0.0,1.1791447388362586,0.0,0.0,0.0,1140.4971945354428,2.9826199594604823,7.833751371063863,7.922251909514768,7.779435067533595,7.512521111221573,7.176824215746349,6.802242805278726,6.405687754104259,5.997134279669325,0.5743597558479032,0.5468335410670098,0.4286390082724817,0.3341103973234164,0.25882738987644366,0.19913375663336663,0.01569543248836904,0.01178539272125698,0.010523582546902372,0.009233999492576934,0.007946784574394895,0.006695939156676725,0.005519461961277205,0.01691976768739872,94.58149871746335,0.08482261332164995,0.0009891781135519784,1.1557395834432819e-05,1.350975652178328e-07,1.579701279445605e-09,1.8475861231156384e-11,2.1612862946785664e-13,2.528615555947682e-15,2.9597446828110976e-18,3.464703266521817e-20,4.056026444849618e-22,4.7384440590634606e-24,5.535989606537408e-26,6.468089476681126e-28,7.557454948214955e-30,8.830950895805318e-33,1.0340576156349803e-34,0.0,0.0,0.0,0.0,0.0,0.0,0.0,0.0,0.0,0.0,0.0,0.0,0.0,0.0,0.0,0.0,0.0,0.0,0.0,0.0,0.0,0.0,0.0,0.0,0.0,0.0,0.0,0.0,0.0,0.0,0.0,0.0,0.0,0.0,0.0,0.0,0.0,0.0,0.0,0.0,0.0,0.0,0.0,0.0,0.0,0.0,0.0,0.0,0.0,0.0,0.0,0.0,0.0,0.0,0.0,0.0,0.0,0.0,0.0,1498.4573727246716,49.948579090822015,0.0,1.0
947.3684210526316,110.20494868272343,125.25000013514511,267.0017647870631,23.17916122110153,5.465174359663647,0.0,0.0,0.16719031551094737,0.0,14.646675375380626,0.0,15.11853719019172,0.0,15.187218216961213,0.0,15.046458814937433,0.0,14.796000360441386,0.0,14.490462749157864,0.0,14.161642909338035,0.0,13.829172335453922,0.0,13.920420758713108,0.0,14.052550052599008,0.0,0.0019580420081952835,0.0,2.294326519490512e-05,0.0,2.688210818251907e-07,0.0,3.1496350501918538e-09,0.0,3.6902133126668216e-11,0.0,4.3235407546533034e-13,0.0,5.0655598749156726e-15,0.0,5.936983184603969e-17,0.0,6.95830167027922e-19,0.0,8.155098225076982e-21,0.0,11.620062135850416,131.32737609110663,0.0,9.610855559443303,0.0,7.950683347235248,0.0,6.576827832701505,0.0,9.537297706375712e-23,3.999324985865252e-22,0.0,1.115375713907633e-24,0.0,1.304417998795438e-26,0.0,1.5255007691193356e-28,0.0,5.653317182091002,0.0,4.639309548145017,0.0,1.784116385349655e-30,0.0,2.0866248497644485e-32,0.0,4.663882578672697,0.0,4.647310788534381,0.0,4.572252031056502,0.0,4.424513471974821,0.0,4.202719539864201,0.0,21.85804406860745,0.0,0.0,2.4455040229781573e-34,0.0,2.8554964822055e-36,0.0,2.805953897589345e-38,0.0,0.0,0.0,0.0,0.0,0.0,0.0,0.0,0.0,0.0,0.0,0.0,0.0,0.0,328.358638,0.0,0.0,0.0,0.0,32.836362,0.0,0.0,5.884113335573736,0.0,0.05371516909844458,0.0,0.0002424899533472379,0.0,0.007934751532685986,0.0,0.0,7.294740334300446,0.0,7.294740644668802,0.0,2.431576241072421,0.0,32.01507277378832,0.0,9.11377713922627,0.0,0.0,0.0,0.8041965122205977,0.0,0.007341387127980483,0.0,2.1113954841586382e-05,0.0,0.000689461933906733,0.0,0.0,0.633286225195959,0.0,0.6332862251884038,0.0,0.2110954018302412,0.0,2.779422558945842,0.0,1.2159550722247643,0.0,0.0,0.0,1180.1460416449431,3.081010824161815,8.104834294022535,8.20970658781729,8.076580775598774,7.816102691692755,7.485346275709673,7.115191533286153,6.723141073603086,6.319551186647379,0.6082271137171521,0.5825923892984303,0.45933660634687207,0.36047270924317654,0.2814635562668715,0.21855104458657668,0.017428046057994733,0.01325446862147248,0.012053455979981108,0.010803497783118917,0.00952611944106835,0.008248857042492879,0.007009063172519734,0.024505478857119612,98.22839421566586,0.08813157375736623,0.0010281245595517407,1.2015275578670939e-05,1.4047702876292675e-07,1.642874915563832e-09,1.9217511734310538e-11,2.248335300866222e-13,2.630769194919113e-15,3.0796490570991907e-18,3.605426799859766e-20,4.2211642638165847e-22,4.9318017471630166e-24,5.762374270436605e-26,6.733126906517098e-28,7.867729057199072e-30,9.194178531700318e-33,1.0764826197730464e-34,0.0,0.0,0.0,0.0,0.0,0.0,0.0,0.0,0.0,0.0,0.0,0.0,0.0,0.0,0.0,0.0,0.0,0.0,0.0,0.0,0.0,0.0,0.0,0.0,0.0,0.0,0.0,0.0,0.0,0.0,0.0,0.0,0.0,0.0,0.0,0.0,0.0,0.0,0.0,0.0,0.0,0.0,0.0,0.0,0.0,0.0,0.0,0.0,0.0,0.0,0.0,0.0,0.0,0.0,0.0,0.0,0.0,0.0,0.0,1498.3666793652494,49.94555597884044,0.0,1.0
1000.0,110.20494868272343,125.25000013707225,267.11581254448174,23.179200701022175,5.471671757727414,0.0,0.0,0.16719088818104502,0.0,14.663053948854483,0.0,15.132623180359314,0.0,15.19624959963858,0.0,15.047557354968701,0.0,14.786135920269984,0.0,14.466473074707386,0.0,14.120313124605655,0.0,13.767382942048187,0.0,13.83160827606938,0.0,13.94097915508602,0.0,0.0019580519543168457,0.0,2.2943419521451646e-05,0.0,2.688233401873151e-07,0.0,3.1496669598163134e-09,0.0,3.6902570712837866e-11,0.0,4.3235985496301825e-13,0.0,5.065635387913243e-15,0.0,5.93708137848759e-17,0.0,6.958427990702305e-19,0.0,8.155259509779667e-21,0.0,11.506657840642045,144.13642322617943,0.0,9.499786764088249,0.0,7.846087586871251,0.0,6.48275615322259,0.0,9.537502031281705e-23,4.2341925369422394e-22,0.0,1.1154013636422414e-24,0.0,1.3044501798457965e-26,0.0,1.5255409942999891e-28,0.0,5.572401659327543,0.0,4.577518215787078,0.0,1.7841664257303767e-30,0.0,2.0866867923660566e-32,0.0,4.621405994353607,0.0,4.64261758977574,0.0,4.6257005367604975,0.0,4.554868164369355,0.0,4.425123078534042,0.0,27.068993396617746,0.0,0.0,2.445580113171028e-34,0.0,2.855544517910685e-36,0.0,2.805953897589345e-38,0.0,0.0,0.0,0.0,0.0,0.0,0.0,0.0,0.0,0.0,0.0,0.0,0.0,0.0,328.358638,0.0,0.0,0.0,0.0,32.836362,0.0,0.0,5.895834506915959,0.0,0.05382216882952782,0.0,0.0002425952273632106,0.0,0.00793816039313232,0.0,0.0,7.297848658368944,0.0,7.297848764639103,0.0,2.432611839999559,0.0,32.02862321914355,0.0,9.351498454093308,0.0,0.0,0.0,0.8050730726675339,0.0,0.0073493897994164675,0.0,2.1114176395747084e-05,0.0,0.0006894649297369546,0.0,0.0,0.6332872875974207,0.0,0.6332872875968071,0.0,0.2110957516536008,0.0,2.779427163692876,0.0,1.250401128516533,0.0,0.0,0.0,1218.009261455247,3.1751520965596174,8.364100161015722,8.48443286696716,8.36026250852209,8.10549950997061,7.77889147336112,7.412251225076386,7.023647026365576,6.623808323429188,0.6400755588796534,0.6161367109252758,0.4880573634320153,0.38508306990741714,0.30256506451778375,0.23664737057623855,0.01904623747904511,0.014631883203181852,0.01350146371324541,0.01231080611575746,0.011073285081021358,0.009808555534693342,0.008550693017170131,0.03392303192438007,101.70775330212683,0.09128853576632028,0.0010652821436555524,1.2452126151817933e-05,1.4560945001668118e-07,1.7031476730384445e-09,1.9925109280686254e-11,2.3313877961942876e-13,2.728233256639854e-15,3.194049454836329e-18,3.739691262608594e-20,4.378723083540733e-22,5.116286062529875e-24,5.978370841584563e-26,6.986003652190366e-28,8.163768141162117e-30,9.540743170995005e-33,1.1169615616377565e-34,0.0,0.0,0.0,0.0,0.0,0.0,0.0,0.0,0.0,0.0,0.0,0.0,0.0,0.0,0.0,0.0,0.0,0.0,0.0,0.0,0.0,0.0,0.0,0.0,0.0,0.0,0.0,0.0,0.0,0.0,0.0,0.0,0.0,0.0,0.0,0.0,0.0,0.0,0.0,0.0,0.0,0.0,0.0,0.0,0.0,0.0,0.0,0.0,0.0,0.0,0.0,0.0,0.0,0.0,0.0,0.0,0.0,0.0,0.0,1498.2759914949586,49.942533049831,0.0,1.0
